"Competência";"Publicação";"Início de Vigência";"Limite de Implantação";"Organizacional";"Conteúdo e Estrutura";"Representação de Conceitos";"Segurança e Privacidade";"Comunicação"
"set/2026";"30/09/2026";"01/10/2026";"31/12/2026";"set/2026";"nov/2025";"set/2026";"nov/2025";"04.00.00 04.00.01 04.01.00 04.02.00 04.03.00 01.06.00 01.05.00"
"jul/2026";"31/07/2026";"01/08/2026";"31/10/2026";"jul/2026";"nov/2025";"jul/2026";"nov/2025";"04.00.00 04.00.01 04.01.00 04.02.00 04.03.00 01.06.00 01.05.00"
"mai/2026";"29/05/2026";"01/06/2026";"30/06/2026";"mai/2026";"nov/2025";"mai/2026";"nov/2025";"04.00.00 04.00.01 04.01.00 04.02.00 04.03.00 01.06.00 01.05.00"
"mar/2026";"31/03/2026";"01/04/2026";"30/06/2026";"mar/2026";"nov/2025";"mar/2026";"nov/2025";"04.00.00 04.00.01 04.01.00 04.02.00 04.03.00 01.06.00 01.05.00"
"jan/2026";"30/01/2026";"01/02/2026";"30/06/2026";"jan/2026";"nov/2025";"jan/2026";"nov/2025";"04.00.00 04.00.01 04.01.00 04.02.00 04.03.00 01.06.00 01.05.00"
"nov/2025";"28/11/2025";"01/12/2025";"30/06/2026";"nov/2025";"nov/2025";"nov/2025";"nov/2025";"04.00.00 04.00.01 04.01.00 04.02.00 04.03.00 01.06.00 01.05.00"
"set/2025";"26/09/2025";"01/10/2025";"30/11/2025";"set/2025";"mai/2025";"set/2025";"mai/2023";"04.00.00 04.00.01 04.01.00 01.04.01 04.02.00 01.05.00"
"jul/2025";"29/07/2025";"01/08/2025";"30/11/2025";"jul/2025";"mai/2025";"jul/2025";"mai/2023";"04.00.00 04.00.01 04.01.00 01.04.01 04.02.00 01.05.00"
"mai/2025";"30/05/2025";"01/06/2025";"30/11/2025";"mai/2025";"mai/2025";"mai/2025";"mai/2023";"04.00.00 04.00.01 04.01.00 01.04.01 04.02.00 01.05.00"
"mar/2025";"28/03/2025";"01/04/2025";"30/04/2023";"mar/2025";"nov/2022";"mar/2025";"mai/2023";"04.00.00 04.00.01 04.01.00 01.04.01"
"jan/2025";"29/01/2025";"01/02/2025";"30/04/2023";"jan/2025";"nov/2022";"jan/2025";"mai/2023";"04.00.00 04.00.01 04.01.00 01.04.01"
"dez/2024";"13/12/2024";"13/12/2024";"30/04/2023";"dez/2024";"nov/2022";"nov/2024";"mai/2023";"04.00.00 04.00.01 04.01.00 01.04.01"
"nov/2024";"29/11/2024";"01/12/2024";"30/04/2023";"nov/2024";"nov/2022";"nov/2024";"mai/2023";"04.00.00 04.00.01 04.01.00 01.04.01"
"set/2024";"25/09/2024";"01/10/2024";"30/04/2023";"set/2024";"nov/2022";"set/2024";"mai/2023";"04.00.00 04.00.01 04.01.00 01.04.01"
"jul/2024";"30/07/2024";"01/08/2024";"30/04/2023";"jul/2024";"nov/2022";"jul/2024";"mai/2023";"04.00.00 04.00.01 04.01.00 01.04.01"
"mai/2024";"29/05/2024";"01/06/2024";"30/04/2023";"mai/2024";"nov/2022";"mai/2024";"mai/2023";"04.00.00 04.00.01 04.01.00 01.04.01"
"mar/2024";"27/03/2024";"01/04/2024";"30/04/2023";"mar/2024";"nov/2022";"mar/2024";"mai/2023";"04.00.00 04.00.01 04.01.00 01.04.01"
"jan/2024";"30/01/2024";"01/02/2024";"30/04/2023";"jan/2024";"nov/2022";"jan/2024";"mai/2023";"04.00.00 04.00.01 04.01.00 01.04.01"
"nov/2023";"30/11/2023";"01/12/2023";"30/04/2023";"nov/2023";"nov/2022";"nov/2023";"mai/2023";"04.00.00 04.00.01 04.01.00 01.04.01"
"set/2023";"27/09/2023";"01/10/2023";"30/04/2023";"set/2023";"nov/2022";"set/2023";"mai/2023";"04.00.00 04.00.01 04.01.00 01.04.01"
"jul/2023";"31/07/2023";"01/08/2023";"30/04/2023";"jul/2023";"nov/2022";"jul/2023";"mai/2023";"04.00.00 04.00.01 04.01.00 01.04.01"
"mai/2023";"25/05/2023";"01/06/2023";"30/04/2023";"mai/2023";"nov/2022";"mai/2023";"mai/2023";"04.00.00 04.00.01 04.01.00 01.04.01"
"mar/2023";"30/3/2023";"1/4/2023";"30/4/2023";"mar/2023";"nov/2022";"mar/2023";"set/2022";"01.00.00 01.00.01 03.05.00 04.01.00"
"fev/2023";"15/2/2023";"15/2/2023";"30/4/2023";"fev/2023";"nov/2022";"fev/2023";"set/2022";"01.00.00 01.00.01 03.05.00 04.01.00"
"jan/2023";"9/1/2023";"9/1/2023";"28/2/2023";"jan/2023";"nov/2022";"nov/2022";"set/2022";"01.00.00 01.00.01 03.05.00 04.01.00"
"nov/2022";"30/11/2022";"1/12/2022";"28/2/2023";"nov/2022";"nov/2022";"nov/2022";"set/2022";"01.00.00 01.00.01 03.05.00 04.01.00"
"set/2022";"30/9/2022";"1/10/2022";"28/2/2023";"set/2022";"set/2022";"set/2022";"set/2022";"01.00.00 01.00.01 03.05.00 04.01.00"
"jul/2022";"29/7/2022";"1/8/2022";"28/2/2023";"jul/2022";"nov/2021";"jul/2022";"jul/2021";"01.00.00 01.00.01 03.05.00 04.00.01"
"mai/2022";"31/5/2022";"1/6/2022";"28/2/2023";"mai/2022";"nov/2021";"mai/2022";"jul/2021";"01.00.00 01.00.01 03.05.00 04.00.01"
"mar/2022";"31/3/2022";"1/4/2022";"28/2/2023";"mar/2022";"nov/2021";"mar/2022";"jul/2021";"01.00.00 01.00.01 03.05.00 04.00.01"
"fev/2022";"24/2/2022";"1/3/2022";"28/2/2023";"fev/2022";"nov/2021";"fev/2022";"jul/2021";"01.00.00 01.00.01 03.05.00 04.00.01"
"jan/2022";"31/1/2022";"1/2/2022";"28/2/2023";"jan/2022";"nov/2021";"jan/2022";"jul/2021";"01.00.00 01.00.01 03.05.00 04.00.01"
"nov/2021";"30/11/2021";"1/12/2021";"28/2/2023";"nov/2021";"nov/2021";"nov/2021";"jul/2021";"01.00.00 01.00.01 03.05.00 04.00.01"
"ago/2021";"31/8/2021";"1/8/2021";"28/2/2023";"ago/2021";"jul/2021";"ago/2021";"jul/2021";"01.00.00 01.00.01 01.01.00 03.05.00 04.00.00"
"jul/2021";"31/7/2021";"1/8/2021";"28/2/2023";"jul/2021";"jul/2021";"jul/2021";"jul/2021";"01.00.00 01.00.01 01.01.00 03.05.00 04.00.00"
"jun/2021";"30/6/2021";"1/7/2021";"30/9/2021";"jun/2021";"mai/2020";"jun/2021";"dez/2017";"01.00.00 01.00.01 01.01.00 03.05.00"
"abr/2021";"30/4/2021";"1/5/2021";"31/7/2021";"abr/2021";"mai/2020";"abr/2021";"dez/2017";"01.00.00 01.00.01 01.01.00 03.05.00 01.00.00 01.00.01 01.01.00 03.05.00"
"mar/2021";"25/3/2021";"1/4/2021";"30/6/2021";"mar/2021";"mai/2020";"mar/2021";"dez/2017";"01.00.00 01.00.01 01.01.00 03.05.00 01.00.00 01.00.01 01.01.00 03.05.00"
"fev/2021";"26/2/2021";"1/3/2021";"31/5/2021";"fev/2021";"mai/2020";"fev/2021";"dez/2017";"01.00.00 01.00.01 01.01.00 03.05.00 01.00.00 01.00.01 01.01.00 03.05.00"
"dez/2020";"17/12/2020";"1/1/2021";"31/3/2021";"dez/2020";"mai/2020";"dez/2020";"dez/2017";"01.00.00 01.00.01 01.01.00 03.05.00 01.00.00 01.00.01 01.01.00 03.05.00"
"out/2020";"29/10/2020";"1/11/2020";"31/1/2021";"out/2020";"mai/2020";"out/2020";"dez/2017";"01.00.00 01.00.01 01.01.00 03.05.00 01.00.00 01.00.01 01.01.00 03.05.00"
"ago/2020";"19/8/2020";"19/8/2020";"19/8/2020";"ago/2020";"mai/2020";"ago/2020";"dez/2017";"01.00.00 01.00.01 01.01.00 03.05.00 01.00.00 01.00.01 01.01.00 03.05.00"
"jun/2020";"30/6/2020";"1/7/2020";"1/7/2020";"jun/2020";"mai/2020";"jun/2020";"dez/2017";"01.00.00 01.00.01 01.01.00 03.05.00 01.00.00 01.00.01 01.01.00 03.05.00"
"mai/2020";"29/5/2020";"1/6/2020";"31/8/2020";"mai/2020";"mai/2020";"mai/2020";"dez/2017";"01.00.00 01.00.01 01.01.00 03.05.00 01.00.00 01.00.01 01.01.00 03.05.00"
"abr/2020";"3/4/2020";"3/4/2020";"3/4/2020";"abr/2020";"fev/2019";"abr/2020";"dez/2017";"01.00.00 01.00.01 01.01.00 03.05.00 01.00.00 01.00.01 01.01.00 03.05.00"
"mar/2020";"13/3/2020";"13/3/2020";"13/3/2020";"mar/2020";"fev/2019";"mar/2020";"dez/2017";"01.00.00 01.00.01 03.04.01 01.00.00 01.00.01 03.04.01"
"Dez/2019";"31/12/2019";"1/1/2020";"01/06/2019 01/01/2020 29/02/2020 01/06/2019 01/01/2020 29/02/2020";"dez/2019";"fev/2019";"dez/2019";"dez/2017";"01.00.00 01.00.01 03.04.01 01.00.00 01.00.01 03.04.01"
"Set/2019";"30/9/2019";"1/10/2019";"01/06/2019 29/02/2020 01/06/2019 29/02/2020";"Set/2019";"fev/2019";"Set/2019";"dez/2017";"01.00.00 03.04.00 01.00.00 03.04.00"
"Jul/2019";"26/7/2019";"1/8/2019";"01/06/2019 29/02/2020 01/06/2019 29/02/2020";"Jul/2019";"fev/2019";"Jul/2019";"dez/2017";"01.00.00 03.04.00 01.00.00 03.04.00"
"Mai/2019";"31/5/2019";"1/6/2019";"01/06/2019 29/02/2020 01/06/2019 29/02/2020";"Mai/2019";"fev/2019";"Mai/2019";"dez/2017";"01.00.00 03.04.00 01.00.00 03.04.00"
"Fev/2019";"28/2/2019";"1/3/2019";"01/06/2019 29/02/2020 01/06/2019 29/02/2020";"Fev/2019";"fev/2019";"Fev/2019";"dez/2017";"01.00.00 03.04.00 01.00.00 03.04.00"
"Dez/2017";"28/12/2017";"1/1/2018";"25/6/2018";"Dez/2017";"Dez/2017";"Dez/2017";"dez/2017";"03.03.03"
"Abr/2017";"10/4/2017";"10/4/2017";"imediato";"Abr/2017";"Abr/2017";"Abr/2017";"Nov/2013";"03.03.02"
"Set/2016";"30/9/2016";"1/10/2016";"30/11/2016";"Set/2016";"Set/2016";"Set/2016";"Nov/2013";"03.03.01"
"Jun/2016";"10/6/2016";"13/6/2016";"13/9/2016";"Jun/2016";"Mai/2016";"Jun/2016";"Nov/2013";"03.03.00"
"Mai/2016";"30/5/2016";"1/6/2016";"30/11/2016";"Mai/2016";"Mai/2016";"Mai/2016";"Nov/2013";"03.03.00"
"Abr/2016";"18/4/2016";"1/5/2016";"31/7/2016";"Abr/2016";"Abr/2016";"Abr/2016";"Nov/2013";"03.02.02"
"Jan/2016";"15/1/2016";"15/1/2016";"15/4/2016";"Jan/2016";"Jan/2015";"Jan/2016";"Nov/2013";"03.02.01"
"Dez/2015";"22/12/2015";"1/1/2016";"31/3/2016";"Dez/2015";"Jan/2015";"Dez/2015";"Nov/2013";"03.02.01"
"Fev/2015";"10/2/2015";"10/2/2016";"imediato";"Fev/2015";"Jan/2015";"Mai/2014";"Nov/2013";"03.02.01"
"Jan/2015";"26/1/2015";"26/1/2016";"27/4/2015";"Jan/2015";"Jan/2015";"Mai/2014";"Nov/2013";"03.02.00"
"Mai/2014";"26/5/2014";"26/5/2014";"31/8/2014";"Mai/2014";"Mai/2014";"Mai/2014";"Nov/2013";"03.02.00"
